{
  "client.dll": {
    "dwCSGOInput": 27386928,
    "dwEntityList": 26954168,
    "dwGameEntitySystem": 28129416,
    "dwGameEntitySystem_highestEntityIndex": 5392,
    "dwGameRules": 27337736,
    "dwGlobalVars": 25224464,
    "dwGlowManager": 27335456,
    "dwLocalPlayerController": 27281256,
    "dwLocalPlayerPawn": 25274824,
    "dwPlantedC4": 27375528,
    "dwPrediction": 25274496,
    "dwSensitivity": 27341384,
    "dwSensitivity_sensitivity": 64,
    "dwViewAngles": 27408456,
    "dwViewMatrix": 27355744,
    "dwViewRender": 27358072,
    "dwWeaponC4": 26969840
  },
  "engine2.dll": {
    "dwBuildNumber": 5437492,
    "dwEngineViewData": 6212668,
    "dwNetworkGameClient": 5434272,
    "dwNetworkGameClient_clientTickCount": 376,
    "dwNetworkGameClient_deltaTick": 632,
    "dwNetworkGameClient_isBackgroundMap": 2626679,
    "dwNetworkGameClient_localPlayer": 240,
    "dwNetworkGameClient_maxClients": 624,
    "dwNetworkGameClient_serverTickCount": 372,
    "dwNetworkGameClient_signOnState": 608,
    "dwSoundService": 6212512,
    "dwWindowHeight": 6227028,
    "dwWindowWidth": 6227024
  },
  "inputsystem.dll": {
    "dwInputSystem": 231408
  },
  "matchmaking.dll": {
    "dwGameTypes": 1720768,
    "dwGameTypes_mapName": 1721056
  }
}